pgm/medium/tools_2_765x460.pgm,benchmark/input/tools_2_21x20_tough.pgm,0.2049896,0.1153514,83042554,41521277
